<?xml version="1.0" encoding="utf-8"?>
<!DOCTYPE hibernate-mapping PUBLIC
	"-//Hibernate/Hibernate Mapping DTD//EN"
	"http://hibernate.sourceforge.net/hibernate-mapping-3.0.dtd" >

<hibernate-mapping package="de.htwg_konstanz.ebus.framework.wholesaler.vo">
	<class name="Address" table="address">
		
		<id	name="Id" column="id"
			type="string">
			<generator class="assigned"/>
		</id>

		<property name="Street"	column="street"
			type="string" not-null="true" length="256"/>

		<property name="Zipcode" column="zipcode"
			type="string" not-null="true" length="16"/>

		<property name="City" column="city"
			type="string" not-null="true" length="256"/>

		<many-to-one name="Country"	column="country" lazy="false"
			class="Country" not-null="true">
		</many-to-one>

	</class>	
</hibernate-mapping>