<?xml version="1.0"?>
<!DOCTYPE hibernate-mapping PUBLIC
	"-//Hibernate/Hibernate Mapping DTD//EN"
	"http://hibernate.sourceforge.net/hibernate-mapping-3.0.dtd" >

<hibernate-mapping package="de.htwg_konstanz.ebus.framework.wholesaler.vo">
	<class name="Country" table="country">
	
		<id name="isocode" column="isocode"
			type="string">
			<generator class="assigned"/>
		</id>

		<property name="Name" column="name"
			type="string" not-null="true" length="64" unique="true"/>

		<many-to-one name="Currency" column="currency" lazy="false"
			class="Currency" not-null="true">
		</many-to-one>
	
	</class>	
</hibernate-mapping>