<?xml version="1.0"?>
<!DOCTYPE hibernate-mapping PUBLIC
	"-//Hibernate/Hibernate Mapping DTD//EN"
	"http://hibernate.sourceforge.net/hibernate-mapping-3.0.dtd" >

<hibernate-mapping package="de.htwg_konstanz.ebus.framework.wholesaler.vo">
	<class name="Supplieridentification" table="supplieridentification">
		
		<composite-id name="Id" class="SupplieridentificationPK">
			<key-many-to-one name="Supplier" column="supplier"
				class="Supplier"/>

			<key-property name="Identification" column="identification"
				type="string"/>
		</composite-id>

		<many-to-one name="Supplier" column="supplier" insert="false" update="false"
			class="Supplier" not-null="false">
		</many-to-one>

	</class>	
</hibernate-mapping>

